feature,coefficient,abs_coefficient
cat__subcategory_sports_news,1.5386209437094465,1.5386209437094465
cat__subcategory_music-gallery,-1.1380227456012102,1.1380227456012102
cat__subcategory_football_nfl_videos,-1.013343098932748,1.013343098932748
cat__subcategory_topnews,0.9806911176466963,0.9806911176466963
cat__subcategory_musicnews,0.868815895319238,0.868815895319238
num__abstract_char_count,-0.762009489844554,0.762009489844554
cat__subcategory_tv-gallery,-0.7612310215345052,0.7612310215345052
cat__subcategory_music-celebrity,0.7608037218643471,0.7608037218643471
cat__subcategory_finance-companies,0.7321344624901617,0.7321344624901617
cat__subcategory_newsopinion,0.6758114735066822,0.6758114735066822
num__abstract_word_count,0.663039677762094,0.663039677762094
cat__subcategory_causes-military-appreciation,-0.6448443731822285,0.6448443731822285
cat__subcategory_movievideo,-0.6429080493004048,0.6429080493004048
cat__subcategory_newsgoodnews,-0.6277644437002451,0.6277644437002451
cat__subcategory_newscrime,0.5801418661597865,0.5801418661597865
cat__subcategory_movies-gallery,-0.521012895294755,0.521012895294755
cat__category_travel,-0.49109868686764896,0.49109868686764896
cat__category_autos,-0.4890653355807797,0.4890653355807797
cat__subcategory_mentalhealth,0.4820253359947864,0.4820253359947864
cat__subcategory_video,-0.4733605229746343,0.4733605229746343
cat__subcategory_tvnews,0.46175179727507165,0.46175179727507165
cat__category_news,-0.4602290221516903,0.4602290221516903
cat__subcategory_animals,0.42439314198114786,0.42439314198114786
cat__subcategory_movies-celebrity,0.42400525046565407,0.42400525046565407
cat__subcategory_movienews,0.4069033981853088,0.4069033981853088
cat__subcategory_fitness,0.40395214016933856,0.40395214016933856
cat__subcategory_finance-savemoney,-0.3900849485628214,0.3900849485628214
cat__subcategory_autosmotorcycles,0.38638690755656263,0.38638690755656263
cat__subcategory_travelnews,0.38056881866072234,0.38056881866072234
cat__subcategory_travelarticle,0.3786736083895211,0.3786736083895211
cat__category_movies,-0.3635868692583783,0.3635868692583783
cat__category_finance,-0.35450886486451133,0.35450886486451133
cat__subcategory_traveltips,-0.35430124655913475,0.35430124655913475
cat__subcategory_elections-2020-us,0.3536968503740654,0.3536968503740654
cat__category_foodanddrink,-0.34654729600027157,0.34654729600027157
cat__subcategory_newsus,0.34143737665774526,0.34143737665774526
cat__subcategory_football_nfl,0.3328905208229634,0.3328905208229634
cat__subcategory_tipsandtricks,-0.32246400788866947,0.32246400788866947
cat__subcategory_videos,-0.32115604145731436,0.32115604145731436
cat__subcategory_indepth,0.3191682001510489,0.3191682001510489
cat__subcategory_healthnews,-0.3172433227170539,0.3172433227170539
cat__subcategory_yearinoffbeatgoodnews,-0.316002067850739,0.316002067850739
cat__subcategory_soccer,-0.3108471500247072,0.3108471500247072
cat__subcategory_awards,-0.3054934013496815,0.3054934013496815
cat__subcategory_humor,-0.29954874118058283,0.29954874118058283
cat__category_entertainment,-0.29837532822926366,0.29837532822926366
cat__subcategory_autostrucks,-0.2890663827934453,0.2890663827934453
cat__subcategory_autosclassics,0.2875475430337229,0.2875475430337229
cat__category_sports,-0.2677487412022564,0.2677487412022564
cat__subcategory_newsoffbeat,-0.26561248182862707,0.26561248182862707
cat__subcategory_lifestylebeauty,-0.2652697777774307,0.2652697777774307
cat__subcategory_entertainment-celebrity,0.2647920491509043,0.2647920491509043
cat__subcategory_football_ncaa_videos,-0.2514064820451417,0.2514064820451417
cat__subcategory_lifestylebuzz,0.2497410484402761,0.2497410484402761
cat__subcategory_awardstyle,-0.24887423320013796,0.24887423320013796
cat__subcategory_icehockey_nhl,-0.24253025861830993,0.24253025861830993
cat__subcategory_finance-healthcare,-0.24220277903034396,0.24220277903034396
cat__subcategory_lifestyleparenting,-0.24118732626401537,0.24118732626401537
cat__subcategory_quickandeasy,0.23372325215069029,0.23372325215069029
cat__subcategory_tv-recaps,-0.23064323871214706,0.23064323871214706
cat__subcategory_finance-saving-investing,0.2269366948998202,0.2269366948998202
cat__subcategory_lifestyle,-0.22250290999291344,0.22250290999291344
cat__subcategory_lifestylecareer,-0.2136711247202556,0.2136711247202556
cat__subcategory_factcheck,-0.20790838658107846,0.20790838658107846
cat__subcategory_basketball_nba,-0.20319936277180786,0.20319936277180786
cat__subcategory_lifestylefamilyandrelationships,-0.20178732831830548,0.20178732831830548
cat__subcategory_finance-top-stocks,-0.197563232423772,0.197563232423772
cat__subcategory_travel-points-rewards,-0.19446065915533725,0.19446065915533725
cat__subcategory_newsbusiness,-0.19410524110264404,0.19410524110264404
cat__subcategory_lifestyleroyals,0.19347345427954699,0.19347345427954699
cat__subcategory_beverages,0.19273504113042003,0.19273504113042003
cat__category_lifestyle,-0.19222496067067135,0.19222496067067135
num__title_char_count,0.19090361984764007,0.19090361984764007
cat__subcategory_celebhub,-0.1860739784720091,0.1860739784720091
cat__subcategory_viral,0.18179343606125048,0.18179343606125048
cat__subcategory_autoshybrids,-0.17646267519617512,0.17646267519617512
cat__subcategory_finance-retirement,0.1757902883688893,0.1757902883688893
cat__subcategory_nutrition,-0.1757861139929811,0.1757861139929811
cat__category_weather,0.17480985642519567,0.17480985642519567
cat__subcategory_weathertopstories,0.17480985642519567,0.17480985642519567
cat__subcategory_autosresearchguides,-0.16967370585989516,0.16967370585989516
cat__subcategory_lifestylepetsanimals,0.16783215264036974,0.16783215264036974
num__same_category_ratio,0.1675773067446734,0.1675773067446734
cat__subcategory_autosluxury,-0.1614182062948595,0.1614182062948595
cat__category_tv,0.15925015533572517,0.15925015533572517
cat__subcategory_autossuvs,-0.15555835651853825,0.15555835651853825
cat__subcategory_music-grammys,-0.15342108295611898,0.15342108295611898
cat__subcategory_cma-awards,-0.14863021927825365,0.14863021927825365
cat__subcategory_autosbuying,-0.1469795838165391,0.1469795838165391
cat__subcategory_newselection2020,-0.14462331672760595,0.14462331672760595
cat__subcategory_autosenthusiasts,0.14459324296745402,0.14459324296745402
cat__category_health,-0.14266536586982242,0.14266536586982242
cat__subcategory_wellness,-0.13909390684078884,0.13909390684078884
cat__subcategory_peopleandplaces,-0.1347869380502266,0.1347869380502266
num__same_subcategory_ratio,0.12908077377657742,0.12908077377657742
cat__subcategory_finance-career,-0.12638334035758128,0.12638334035758128
cat__subcategory_lifestylehomeandgarden,-0.12491947503494932,0.12491947503494932
cat__subcategory_lifestylecleaningandorganizing,-0.12269834505391479,0.12269834505391479
cat__subcategory_finance-taxes,0.12204213744968352,0.12204213744968352
cat__subcategory_finance-video,-0.11993104273799848,0.11993104273799848
cat__subcategory_finance-billstopay,-0.11940528375647617,0.11940528375647617
cat__subcategory_musicvideos,-0.11470933000864712,0.11470933000864712
cat__subcategory_markets,-0.11331964737268167,0.11331964737268167
cat__subcategory_lifestylesmartliving,0.1130133203711077,0.1130133203711077
cat__subcategory_newsscienceandtechnology,-0.11229293936207985,0.11229293936207985
cat__subcategory_finance-credit,-0.10982078197284241,0.10982078197284241
cat__subcategory_newsworld,-0.10970896694758608,0.10970896694758608
cat__subcategory_finance-real-estate,-0.10775793817914014,0.10775793817914014
cat__subcategory_baseball_mlb,-0.10521573482919722,0.10521573482919722
cat__subcategory_lifestylepets,0.10496246295697848,0.10496246295697848
num__title_word_count,-0.10476128159440769,0.10476128159440769
num__history_unique_len,0.10093460826061856,0.10093460826061856
cat__subcategory_health-news,0.10033450003751304,0.10033450003751304
cat__subcategory_voices,0.10000120765890017,0.10000120765890017
cat__subcategory_finance-insurance,-0.09740239101036079,0.09740239101036079
cat__subcategory_autossports,-0.09712119050142694,0.09712119050142694
cat__subcategory_shop-holidays,-0.09373314357594562,0.09373314357594562
cat__subcategory_medical,-0.09308560788573544,0.09308560788573544
cat__subcategory_mma,0.09296466879874572,0.09296466879874572
cat__subcategory_weightloss,0.09208524094456531,0.09208524094456531
cat__subcategory_autosresearch,-0.09186885583142718,0.09186885583142718
cat__subcategory_lifestylemindandsoul,-0.08738983923531769,0.08738983923531769
cat__subcategory_newspolitics,-0.08710572877740283,0.08710572877740283
cat__subcategory_news,-0.08697610694557409,0.08697610694557409
cat__subcategory_foodanddrink,-0.08656945213808857,0.08656945213808857
cat__subcategory_lifestyledidyouknow,0.08474823389712226,0.08474823389712226
cat__subcategory_foodnews,-0.07793919602874663,0.07793919602874663
cat__subcategory_lifestylefamily,0.07450701878337031,0.07450701878337031
cat__subcategory_autossema,0.0737226795931249,0.0737226795931249
cat__subcategory_tv-golden-globes,-0.07040304292955465,0.07040304292955465
cat__subcategory_entertainment-books,-0.07038115529572606,0.07038115529572606
num__history_len,-0.07011170604894798,0.07011170604894798
cat__subcategory_lifestylediy,-0.06958998558135428,0.06958998558135428
cat__subcategory_financenews,0.06931362966122251,0.06931362966122251
num__same_subcategory_count,0.06628580812121349,0.06628580812121349
cat__subcategory_personalfinance,-0.06622897205505811,0.06622897205505811
cat__subcategory_health-cancer,0.06599621094708272,0.06599621094708272
cat__subcategory_causes,-0.06470262657590596,0.06470262657590596
cat__subcategory_autosmidsize,-0.06226569895809241,0.06226569895809241
cat__subcategory_popculture,-0.06163548602465923,0.06163548602465923
cat__subcategory_lifestylefashion,-0.059253630090780184,0.059253630090780184
cat__subcategory_music-awards,-0.056563267237458234,0.056563267237458234
cat__subcategory_finance-career-education,0.05529052687436105,0.05529052687436105
cat__subcategory_lifestylevideo,0.05374500036257221,0.05374500036257221
cat__subcategory_ads-lung-health,-0.05365330016349116,0.05365330016349116
cat__subcategory_basketball_ncaa,-0.05362279269778821,0.05362279269778821
num__weekday,-0.0531043795663799,0.0531043795663799
cat__subcategory_racing,-0.0451854543179992,0.0451854543179992
cat__subcategory_more_sports,-0.04420541369988752,0.04420541369988752
cat__subcategory_travel,-0.04326420564661275,0.04326420564661275
num__is_weekend,0.04114735820987328,0.04114735820987328
cat__subcategory_celebrity,-0.04108105988505322,0.04108105988505322
cat__subcategory_restaurantsandnews,-0.04056814605146238,0.04056814605146238
cat__subcategory_football_ncaa,0.03751127272587002,0.03751127272587002
cat__subcategory_causes-food-insecurity,-0.036665748348208335,0.036665748348208335
cat__subcategory_autosnews,-0.03597413964440387,0.03597413964440387
cat__subcategory_tv-golden-globes-video,-0.03478622101713068,0.03478622101713068
cat__subcategory_traveltrivia,-0.033899490170429106,0.033899490170429106
cat__subcategory_lifestylewhatshot,-0.029610598865664008,0.029610598865664008
cat__subcategory_finance-mutual-funds,-0.02955023471367735,0.02955023471367735
cat__subcategory_entertainmenttv,0.02859082212996651,0.02859082212996651
cat__subcategory_tv-celebrity,0.026074684399589636,0.026074684399589636
cat__subcategory_movies-awards,-0.025390798354082828,0.025390798354082828
cat__subcategory_gaming,0.023623303505152533,0.023623303505152533
cat__subcategory_golf,0.023590015248345197,0.023590015248345197
num__hour,-0.02349814569322134,0.02349814569322134
cat__subcategory_science,-0.022373451079395874,0.022373451079395874
cat__subcategory_basketball_ncaa_videos,-0.02182454141775671,0.02182454141775671
cat__subcategory_lifestyledecor,-0.020678661433597787,0.020678661433597787
cat__subcategory_newsfactcheck,-0.020222940605311407,0.020222940605311407
cat__category_music,0.019790277338028454,0.019790277338028454
cat__subcategory_ustravel,0.019217154351524407,0.019217154351524407
cat__subcategory_finance-education,-0.019099932890073786,0.019099932890073786
cat__subcategory_internationaltravel,-0.018832513679560535,0.018832513679560535
cat__subcategory_newsweather,-0.018829268992129108,0.018829268992129108
cat__subcategory_finance-small-business,0.018142868936423737,0.018142868936423737
cat__subcategory_newstrends,0.01747254423179594,0.01747254423179594
cat__subcategory_retirement,-0.015837297060907966,0.015837297060907966
cat__subcategory_tennis,0.015600319401916333,0.015600319401916333
cat__category_video,-0.014930363520964978,0.014930363520964978
cat__subcategory_lifestylehoroscope,-0.014749154998924771,0.014749154998924771
cat__subcategory_lifestyleweddings,-0.013957947360420678,0.013957947360420678
num__same_category_count,0.013810084428164981,0.013810084428164981
cat__subcategory_newsscience,0.013740376006479761,0.013740376006479761
cat__subcategory_pregnancyparenting,0.013411237937477814,0.013411237937477814
cat__subcategory_causes-poverty,0.010415746004451516,0.010415746004451516
cat__subcategory_causes-animals,-0.009796052976126965,0.009796052976126965
cat__subcategory_traveltripideas,-0.00915881132088843,0.00915881132088843
cat__subcategory_basketball_nba_videos,-0.009126520135858858,0.009126520135858858
cat__subcategory_lifestylerelationships,-0.008721581181504252,0.008721581181504252
cat__subcategory_recipes,0.00847506381727221,0.00847506381727221
cat__category_kids,-0.007544379745612778,0.007544379745612778
cat__subcategory_lifestylecelebstyle,0.0072969824322122795,0.0072969824322122795
cat__subcategory_tv-reviews,-0.007029737927481552,0.007029737927481552
cat__subcategory_autosvideonew,0.0069930976153109855,0.0069930976153109855
cat__subcategory_lifestylelovesex,-0.00672620944090598,0.00672620944090598
cat__subcategory_soccer_mls,-0.006703022835721051,0.006703022835721051
cat__subcategory_lifestylehoroscopefish,-0.0061225599278906745,0.0061225599278906745
cat__subcategory_people-places,-0.005827795691996917,0.005827795691996917
cat__subcategory_movies-oscars,-0.005183774960106548,0.005183774960106548
cat__subcategory_weight-loss,-0.005134795088562168,0.005134795088562168
cat__subcategory_wines,-0.004164723387940761,0.004164723387940761
cat__subcategory_newsphotos,-0.0036026829704898632,0.0036026829704898632
cat__subcategory_downtime,-0.003440455289737903,0.003440455289737903
cat__subcategory_autosownership,-0.003242489528055214,0.003242489528055214
cat__subcategory_advice,-0.0031268985598998287,0.0031268985598998287
cat__subcategory_tunedin,-0.002994111585680068,0.002994111585680068
cat__subcategory_tennis_intl,0.002709705991573378,0.002709705991573378
cat__subcategory_shop-all,-0.002582718056808598,0.002582718056808598
cat__subcategory_holidays,-0.0022816212105479993,0.0022816212105479993
cat__subcategory_photos,0.002154727219209936,0.002154727219209936
cat__subcategory_baseball_mlb_videos,-0.002092823408738654,0.002092823408738654
cat__subcategory_sports,0.0019935558346769887,0.0019935558346769887
cat__subcategory_newsworldpolitics,-0.001960917306910957,0.001960917306910957
cat__subcategory_music-reviews,0.0015721001414424611,0.0015721001414424611
cat__subcategory_empowering-the-planet,-0.001449478858178678,0.001449478858178678
cat__subcategory_cardio,-0.0014321295079872968,0.0014321295079872968
cat__subcategory_autosvideos,0.001398786587908311,0.001398786587908311
cat__subcategory_soccer_epl,-0.0010689049126386988,0.0010689049126386988
cat__subcategory_tvvideos,0.0010486216186592493,0.0010486216186592493
cat__subcategory_entertainmentmusic,-0.0009612600729222471,0.0009612600729222471
cat__subcategory_wonder,-0.000863200005599316,0.000863200005599316
cat__subcategory_boxing,-0.0008511961048683729,0.0008511961048683729
cat__subcategory_finance-technology,0.0007441583758277644,0.0007441583758277644
cat__subcategory_comedy,-0.0007280774280397403,0.0007280774280397403
cat__subcategory_newsother,-0.0006671946035492023,0.0006671946035492023
cat__subcategory_fun,-0.0006603985611338788,0.0006603985611338788
cat__subcategory_spendingandborrowing,-0.0005622820152435284,0.0005622820152435284
cat__subcategory_watch,-0.0005360548041910962,0.0005360548041910962
cat__subcategory_finance-startinvesting,-0.0005025982989708028,0.0005025982989708028
cat__subcategory_healthyliving,-0.0003768102831943048,0.0003768102831943048
cat__subcategory_shop-apparel,-0.00036213008389376623,0.00036213008389376623
cat__subcategory_outdoors,-0.00032816854619430874,0.00032816854619430874
cat__subcategory_technologyinvesting,-0.0002591573165487305,0.0002591573165487305
cat__category_northamerica,-0.00024109995612618811,0.00024109995612618811
cat__subcategory_northamerica-video,-0.00024109995612618811,0.00024109995612618811
cat__subcategory_cookingschool,-0.0002367422888213812,0.0002367422888213812
cat__subcategory_strength,-0.00020104891356142015,0.00020104891356142015
cat__subcategory_cocktails,-9.090342216132957e-05,9.090342216132957e-05
cat__subcategory_soccer_bund,-8.526260194835162e-05,8.526260194835162e-05
cat__subcategory_travel-adventure-travel,-7.650748726543184e-05,7.650748726543184e-05
cat__subcategory_autoslosangeles,-7.630799210607556e-05,7.630799210607556e-05
cat__subcategory_ads-latingrammys,-5.479490537219256e-05,5.479490537219256e-05
